{
    "size":[480,360],
    "junior":[20, 200],
    "juniorDir":"east",
    
    "blockUnitSize": 30,
    "blocks": [
        [0,8,2,12],
        [14,0,16,4],
        
        [6,4,10,8]
    ],
    
    "finish": [[4, 4, 5, 5], [10, 10, 11, 11]],
    "intersections": {
        "nodes": [
            [2, 0, 6, 4], 
            [2, 8, 6, 12],
            [10, 0, 14, 4], 
            [10, 8, 14, 12]
            
        ],
        "edges": {
            "0": [1, 2],
            "1": [0, 3],
            "2": [0, 3],
            "3": [1, 2]
        }
    },
    
    "agentGraph": {
"nodes": [
{
    "id":9,
    "pos": [180.0, 30.0],
    "dir": "west"
},
{
    "id":2,
    "pos": [180.0, 90.0],
    "dir": "east"
},
{
    "id":5,
    "pos": [150.0, 120.0],
    "dir": "north"
},
{
    "id":0,
    "pos": [90.0, 120.0],
    "dir": "south"
},
{
    "id":13,
    "pos": [180.0, 270.0],
    "dir": "west"
},
{
    "id":6,
    "pos": [180.0, 330.0],
    "dir": "east"
},
{
    "id":1,
    "pos": [90.0, 240.0],
    "dir": "south"
},
{
    "id":4,
    "pos": [150.0, 240.0],
    "dir": "north"
},
{
    "id":3,
    "pos": [300.0, 90.0],
    "dir": "east"
},
{
    "id":8,
    "pos": [300.0, 30.0],
    "dir": "west"
},
{
    "id":15,
    "pos": [390.0, 120.0],
    "dir": "north"
},
{
    "id":10,
    "pos": [330.0, 120.0],
    "dir": "south"
},
{
    "id":7,
    "pos": [300.0, 330.0],
    "dir": "east"
},
{
    "id":12,
    "pos": [300.0, 270.0],
    "dir": "west"
},
{
    "id":11,
    "pos": [330.0, 240.0],
    "dir": "south"
},
{
    "id":14,
    "pos": [390.0, 240.0],
    "dir": "north"
}
],
"edges": [
[9, 0],
[2, 3],
[5, 2],
[0, 1],
[13, 4],
[6, 7],
[1, 6],
[4, 5],
[3, 10],
[8, 9],
[15, 8],
[10, 11],
[7, 14],
[12, 13],
[11, 12],
[14, 15]
]
},

    "juniorGraph": {
        "nodes": [
            {
                "id":16,
                "pos": [20.0, 200.0],
                "dir": "east"
            },
            {
                "id":17,
                "pos": [60.0, 220.0],
                "dir": "east"
            },
            {
                "id":18,
                "pos":[420.0, 210.0],
                "dir": "east"
            },
            {
                "id":19,
                "pos":[480.0, 210.0],
                "dir": "east",
                "terminal": true
            }
            
        ],
        "edges": [
            [16, 17],
            [17, 5],
            [10, 18],
            [18, 19]
        ]
    }

}